timestamp,requests,errors,total_latency_ms
2026-03-25 06:15:00,120,3,3600
2026-03-25 07:30:00,150,2,4200
2026-03-25 08:45:00,98,1,3100
2026-03-25 09:00:00,200,5,6400
2026-03-25 10:15:00,175,4,5900
2026-03-25 11:30:00,60,0,1500
2026-03-25 12:45:00,80,1,2100
2026-03-25 13:00:00,140,3,4000
2026-03-25 14:15:00,110,2,3300
2026-03-25 15:30:00,95,1,2900
