timestamp,hour_of_day,requests,errors,total_latency_ms,error_rate,avg_latency_ms,request_volume,throughput_rps,poor_experience
2026-03-25 06:15:00,6,120,3,3600,0.025,30.0,120,33.333333333333336,false
2026-03-25 07:30:00,7,150,2,4200,0.013333333333333334,28.0,150,35.714285714285715,false
2026-03-25 08:45:00,8,98,1,3100,0.01020408163265306,31.632653061224488,98,31.612903225806456,false
2026-03-25 09:00:00,9,200,5,6400,0.025,32.0,200,31.25,false
2026-03-25 10:15:00,10,175,4,5900,0.022857142857142857,33.714285714285715,175,29.661016949152543,false
2026-03-25 11:30:00,11,60,0,1500,0.0,25.0,60,40.0,false
2026-03-25 12:45:00,12,80,1,2100,0.0125,26.25,80,38.0952380952381,false
2026-03-25 13:00:00,13,140,3,4000,0.02142857142857143,28.571428571428573,140,35.0,false
2026-03-25 14:15:00,14,110,2,3300,0.01818181818181818,30.0,110,33.333333333333336,false
2026-03-25 15:30:00,15,95,1,2900,0.010526315789473684,30.526315789473685,95,32.758620689655174,false
